{
    "q_liq": [
        1,
        26,
        51,
        76,
        101,
        126,
        151,
        176,
        201,
        226,
        251,
        276,
        301,
        326,
        351,
        376
    ],
    "p_wf": [
        179.8511689997291,
        179.84245278746076,
        179.81881131854377,
        179.78033500903848,
        179.7270440239329,
        179.65894766784947,
        179.57605135538813,
        179.47835864942024,
        179.3658720824014,
        179.23859355271352,
        179.09652453997933,
        178.93966623234772,
        178.7680196066786,
        178.58158548162712,
        178.3803645542206,
        178.1643574258994
    ]
}